timestamp,simple-path,time
"2022-05-22 03:17:15.127","/master/welcome",5169
"2022-05-22 03:17:15.551","/master/welcome",369
"2022-05-22 03:17:17.755","/master/sign-in",2144
"2022-05-22 03:17:19.083","/master/welcome",583
"2022-05-22 03:17:20.429","/administrator/system-configuration/show",599
"2022-05-22 03:17:23.234","/master/welcome",366
"2022-05-22 03:17:23.599","/master/welcome",334
"2022-05-22 03:17:24.257","/master/sign-in",580
"2022-05-22 03:17:25.755","/master/welcome",582
"2022-05-22 03:17:26.528","/administrator/system-configuration/show",585
"2022-05-22 03:17:29.314","/master/welcome",335
"2022-05-22 03:17:31.94","/patron/patronage/create",523
